[{"firstName":"Darrell","lastName":"Fallis","email":"dfallis0@howstuffworks.com","mobile":"(914) 2199140","country":"Brazil","DOB":"12/17/1979"},
{"firstName":"Natal","lastName":"Comiam","email":"ncomiam1@nyu.edu","mobile":"(890) 8848947","country":"Kazakhstan","DOB":"06/09/1922"},
{"firstName":"Colan","lastName":"Conybear","email":"cconybear2@ebay.co.uk","mobile":"(993) 9461213","country":"China","DOB":"05/24/1923"},
{"firstName":"Chiquita","lastName":"Florey","email":"cflorey3@google.fr","mobile":"(614) 3762717","country":"Czech Republic","DOB":"10/15/2008"},
{"firstName":"Den","lastName":"Glowacz","email":"dglowacz4@tuttocitta.it","mobile":"(320) 4650790","country":"Russia","DOB":"05/18/1943"},
{"firstName":"Goldie","lastName":"Featherstonhaugh","email":"gfeatherstonhaugh5@nyu.edu","mobile":"(661) 6396770","country":"Bulgaria","DOB":"09/15/1953"},
{"firstName":"Gusty","lastName":"Pedwell","email":"gpedwell6@goo.gl","mobile":"(151) 8200737","country":"Peru","DOB":"01/13/1980"},
{"firstName":"Verna","lastName":"Pritchitt","email":"vpritchitt7@google.co.uk","mobile":"(779) 4290043","country":"Czech Republic","DOB":"01/21/2014"},
{"firstName":"Cary","lastName":"Rablan","email":"crablan8@epa.gov","mobile":"(802) 1117547","country":"Czech Republic","DOB":"05/21/1969"},
{"firstName":"Lorain","lastName":"Brunnen","email":"lbrunnen9@themeforest.net","mobile":"(652) 3839285","country":"France","DOB":"09/08/2017"},
{"firstName":"Lyon","lastName":"Chadbourne","email":"lchadbournea@va.gov","mobile":"(793) 5338166","country":"China","DOB":"11/21/1905"},
{"firstName":"Marshall","lastName":"Bezants","email":"mbezantsb@indiatimes.com","mobile":"(601) 3697503","country":"China","DOB":"06/27/1978"},
{"firstName":"Priscilla","lastName":"Bedward","email":"pbedwardc@aboutads.info","mobile":"(473) 9269629","country":"Argentina","DOB":"11/09/1991"},
{"firstName":"Theodora","lastName":"Halden","email":"thaldend@redcross.org","mobile":"(129) 8157001","country":"France","DOB":"05/23/1954"},
{"firstName":"Anatole","lastName":"Dodamead","email":"adodameade@disqus.com","mobile":"(542) 4641231","country":"China","DOB":"03/23/1951"},
{"firstName":"Margy","lastName":"Laughren","email":"mlaughrenf@1688.com","mobile":"(327) 8931226","country":"Indonesia","DOB":"09/28/1974"},
{"firstName":"Abigale","lastName":"Ousby","email":"aousbyg@indiatimes.com","mobile":"(639) 9955416","country":"Guatemala","DOB":"10/16/1954"},
{"firstName":"Arline","lastName":"Wilsey","email":"awilseyh@unblog.fr","mobile":"(158) 7490396","country":"China","DOB":"10/05/1987"},
{"firstName":"Cull","lastName":"Tinton","email":"ctintoni@miibeian.gov.cn","mobile":"(877) 7842115","country":"Indonesia","DOB":"07/04/1950"},
{"firstName":"Jori","lastName":"Kahan","email":"jkahanj@cnn.com","mobile":"(806) 2012502","country":"Bulgaria","DOB":"11/29/1908"},
{"firstName":"Fanchette","lastName":"Braunroth","email":"fbraunrothk@abc.net.au","mobile":"(643) 5629911","country":"Syria","DOB":"03/07/1994"},
{"firstName":"Margaux","lastName":"Cisson","email":"mcissonl@yale.edu","mobile":"(617) 8182404","country":"Canada","DOB":"08/12/1987"},
{"firstName":"Neil","lastName":"Sheards","email":"nsheardsm@marriott.com","mobile":"(847) 6412172","country":"Russia","DOB":"11/16/1980"},
{"firstName":"Filmer","lastName":"Karpol","email":"fkarpoln@wordpress.org","mobile":"(529) 2596381","country":"Philippines","DOB":"11/10/1991"},
{"firstName":"Micky","lastName":"Livingstone","email":"mlivingstoneo@shop-pro.jp","mobile":"(744) 9170713","country":"Russia","DOB":"05/31/1934"},
{"firstName":"Averil","lastName":"Kwiek","email":"akwiekp@chicagotribune.com","mobile":"(432) 5923231","country":"Brazil","DOB":"09/20/1981"},
{"firstName":"Alaric","lastName":"Scholtis","email":"ascholtisq@toplist.cz","mobile":"(195) 6943009","country":"Indonesia","DOB":"02/13/1997"},
{"firstName":"Jacquelin","lastName":"Setter","email":"jsetterr@blogtalkradio.com","mobile":"(472) 8570462","country":"China","DOB":"06/26/1910"},
{"firstName":"Mei","lastName":"Rickett","email":"mricketts@squarespace.com","mobile":"(348) 2743955","country":"China","DOB":"03/03/1944"},
{"firstName":"Baird","lastName":"Sylvaine","email":"bsylvainet@bravesites.com","mobile":"(327) 9756440","country":"France","DOB":"02/18/1923"},
{"firstName":"Nobe","lastName":"Blennerhassett","email":"nblennerhassettu@chicagotribune.com","mobile":"(720) 7226999","country":"China","DOB":"02/21/1960"},
{"firstName":"Slade","lastName":"Iacovazzi","email":"siacovazziv@oakley.com","mobile":"(727) 3145745","country":"Luxembourg","DOB":"10/02/1968"},
{"firstName":"Christina","lastName":"Ashington","email":"cashingtonw@hostgator.com","mobile":"(495) 8331835","country":"Philippines","DOB":"11/11/2006"},
{"firstName":"Kip","lastName":"Whatford","email":"kwhatfordx@microsoft.com","mobile":"(503) 2371694","country":"Thailand","DOB":"01/02/1907"},
{"firstName":"Marice","lastName":"Yoselevitch","email":"myoselevitchy@ft.com","mobile":"(333) 4833159","country":"Iran","DOB":"12/12/1986"},
{"firstName":"Elia","lastName":"Willes","email":"ewillesz@skype.com","mobile":"(502) 9822054","country":"Russia","DOB":"07/02/1986"},
{"firstName":"Reggie","lastName":"Keough","email":"rkeough10@merriam-webster.com","mobile":"(630) 1437594","country":"Uruguay","DOB":"12/03/1965"},
{"firstName":"Germana","lastName":"Mowson","email":"gmowson11@telegraph.co.uk","mobile":"(633) 1864553","country":"Indonesia","DOB":"07/27/1922"},
{"firstName":"Franklin","lastName":"Iacomelli","email":"fiacomelli12@delicious.com","mobile":"(603) 6045098","country":"Vietnam","DOB":"10/19/1981"},
{"firstName":"Roslyn","lastName":"Pengelley","email":"rpengelley13@narod.ru","mobile":"(195) 5684777","country":"Ecuador","DOB":"03/05/1989"},
{"firstName":"Gianina","lastName":"Hadrill","email":"ghadrill14@goodreads.com","mobile":"(483) 3260197","country":"Republic of the Congo","DOB":"05/22/1938"},
{"firstName":"Alanah","lastName":"Allen","email":"aallen15@topsy.com","mobile":"(286) 7919184","country":"France","DOB":"03/05/1945"},
{"firstName":"Georas","lastName":"Fishe","email":"gfishe16@dion.ne.jp","mobile":"(251) 3615955","country":"Luxembourg","DOB":"08/11/1987"},
{"firstName":"Gusella","lastName":"Larroway","email":"glarroway17@sourceforge.net","mobile":"(892) 6698836","country":"Japan","DOB":"08/27/1945"},
{"firstName":"Rudolfo","lastName":"Guiducci","email":"rguiducci18@washington.edu","mobile":"(162) 4573680","country":"Sweden","DOB":"11/19/1921"},
{"firstName":"Idalina","lastName":"Verman","email":"iverman19@barnesandnoble.com","mobile":"(830) 9063591","country":"Indonesia","DOB":"08/19/1966"},
{"firstName":"Ivie","lastName":"Cramond","email":"icramond1a@phpbb.com","mobile":"(102) 2075263","country":"China","DOB":"06/13/1985"},
{"firstName":"Bernette","lastName":"Wardhaugh","email":"bwardhaugh1b@stumbleupon.com","mobile":"(832) 7978824","country":"China","DOB":"08/13/1984"},
{"firstName":"Ernesto","lastName":"Marcu","email":"emarcu1c@wordpress.com","mobile":"(774) 1726441","country":"Malaysia","DOB":"06/03/1911"},
{"firstName":"Sophey","lastName":"Berrey","email":"sberrey1d@mozilla.com","mobile":"(983) 3048110","country":"Russia","DOB":"11/16/1981"}]